Original,Converted,Clipping,Brightness,Hue,Clipping,Brightness,Hue,equals,aeRelative,maeRelative,mseRelative,paeRelative,ssimSimple,ssimSimpleHue,ssimSimpleSaturation,pHash+hamming distance,
5DIII_LISI_charlie_maedels_1081_.CR2,5DIII_LISI_charlie_maedels_1081_DxO.dng,2,2,2,1,2,3,FALSE,Image size does not match,Image size does not match,Image size does not match,Image size does not match,0.541504,0.59507453,0.41031724,8,2
5DIII_LISI_charlie_nachbarin_007_.CR2,5DIII_LISI_charlie_nachbarin_007_DxO.dng,2,2,3,1,2,3,FALSE,Image size does not match,Image size does not match,Image size does not match,Image size does not match,0.6906195,0.46061164,0.2590654,12,2.16666666666667
5DIII_LISI_charlito85er_005_.CR2,5DIII_LISI_charlito85er_005_DxO.dng,3,2,3,3,2,3,FALSE,Image size does not match,Image size does not match,Image size does not match,Image size does not match,0.91159636,0.96940374,0.78706264,2,2.66666666666667
5DIII_LISI_charlito85er_026_.CR2,5DIII_LISI_charlito85er_026_DxO.dng,3,3,2,3,2,3,FALSE,Image size does not match,Image size does not match,Image size does not match,Image size does not match,0.9098909,0.81986433,0.6495489,2,2.66666666666667
Canon40D_FLO_.CR2,Canon40D_FLO_DxO.dng,2,2,3,2,2,2,FALSE,Image size does not match,Image size does not match,Image size does not match,Image size does not match,0.6725559,0.84269065,0.5521524,2,2.16666666666667
Canon5DII_FLO_.CR2,Canon5DII_FLO_DxO.dng,2,2,3,2,2,3,FALSE,Image size does not match,Image size does not match,Image size does not match,Image size does not match,0.77065706,0.7748129,0.6090943,6,2.33333333333333
Canon60D_FLO_.CR2,Canon60D_FLO_DxO.dng,3,2,2,2,2,3,FALSE,Image size does not match,Image size does not match,Image size does not match,Image size does not match,0.9075751,0.80598974,0.73701686,2,2.33333333333333
D300_PN_DSC_2337_.NEF,D300_PN_DSC_2337_DxO.dng,3,3,2,2,3,3,FALSE,Image size does not match,Image size does not match,Image size does not match,Image size does not match,0.9545817,0.8944703,0.80713737,10,2.66666666666667
D300_PN_DSC_2373_.NEF,D300_PN_DSC_2373_DxO.dng,3,2,3,3,2,3,FALSE,Image size does not match,Image size does not match,Image size does not match,Image size does not match,0.9698831,0.8959577,0.7796151,10,2.66666666666667
D300_PN_DSC_2848_.NEF,D300_PN_DSC_2848_DxO.dng,3,2,2,3,2,3,FALSE,Image size does not match,Image size does not match,Image size does not match,Image size does not match,0.954917,0.8520319,0.76570815,4,2.5
D300_PN_DSC_4045_.NEF,D300_PN_DSC_4045_DxO.dng,2,2,3,2,3,3,FALSE,Image size does not match,Image size does not match,Image size does not match,Image size does not match,0.87443453,0.76741815,0.53160226,2,2.5
D300_PN_DSC_4311_.NEF,D300_PN_DSC_4311_DxO.dng,3,3,3,3,3,3,FALSE,Image size does not match,Image size does not match,Image size does not match,Image size does not match,0.8553171,0.75934684,0.5029253,6,3
D300_PN_DSC_4547_.NEF,D300_PN_DSC_4547_DxO.dng,2,2,3,2,3,3,FALSE,Image size does not match,Image size does not match,Image size does not match,Image size does not match,0.6644249,0.62421834,0.36764812,6,2.5
D300_PN_DSC_5147_.NEF,D300_PN_DSC_5147_DxO.dng,2,3,2,2,3,3,FALSE,Image size does not match,Image size does not match,Image size does not match,Image size does not match,0.7669664,0.5840751,0.52794695,6,2.5
D300_PN_DSC_5358_.NEF,D300_PN_DSC_5358_DxO.dng,2,2,3,2,3,3,FALSE,Image size does not match,Image size does not match,Image size does not match,Image size does not match,0.730312,0.7524652,0.48741934,12,2.5
D300_PN_DSC_5449_.NEF,D300_PN_DSC_5449_DxO.dng,2,2,3,2,3,3,FALSE,Image size does not match,Image size does not match,Image size does not match,Image size does not match,0.84880894,0.8484158,0.5199265,8,2.5
D300_PN_DSC_5574_.NEF,D300_PN_DSC_5574_DxO.dng,2,3,3,2,2,3,FALSE,Image size does not match,Image size does not match,Image size does not match,Image size does not match,0.6266862,0.92862815,0.5408227,2,2.5
D300_PN_DSC_6926_.NEF,D300_PN_DSC_6926_DxO.dng,2,3,3,2,2,3,FALSE,Image size does not match,Image size does not match,Image size does not match,Image size does not match,0.9025509,0.87319124,0.5476954,2,2.5
D300_PN_DSC_7484_.NEF,D300_PN_DSC_7484_DxO.dng,2,2,3,3,2,3,FALSE,Image size does not match,Image size does not match,Image size does not match,Image size does not match,0.9329925,0.74347293,0.5904005,0,2.5
D300_PN_DSC_7589_.NEF,D300_PN_DSC_7589_DxO.dng,2,2,3,3,2,3,FALSE,Image size does not match,Image size does not match,Image size does not match,Image size does not match,0.9019869,0.80779094,0.5510506,4,2.5
D300_PN_DSC_8921_.NEF,D300_PN_DSC_8921_DxO.dng,2,3,2,2,3,3,FALSE,Image size does not match,Image size does not match,Image size does not match,Image size does not match,0.8130978,0.89489806,0.46751237,8,2.5
D300_PN_DSC_8937_.NEF,D300_PN_DSC_8937_DxO.dng,3,2,3,3,2,3,FALSE,Image size does not match,Image size does not match,Image size does not match,Image size does not match,0.82982534,0.70728004,0.38400307,6,2.66666666666667
D300_PN_DSC_9062_.NEF,D300_PN_DSC_9062_DxO.dng,2,2,3,2,3,3,FALSE,Image size does not match,Image size does not match,Image size does not match,Image size does not match,0.7730714,0.7607396,0.3553585,2,2.5
D300_PN_DSC_9164_.NEF,D300_PN_DSC_9164_DxO.dng,3,2,3,3,2,3,FALSE,Image size does not match,Image size does not match,Image size does not match,Image size does not match,0.8381497,0.69523853,0.45559642,6,2.66666666666667
D3_LISI_DSC4421_.NEF,D3_LISI_DSC4421_DxO.dng,3,2,2,3,2,3,FALSE,Image size does not match,Image size does not match,Image size does not match,Image size does not match,0.9768269,0.9629998,0.8359826,0,2.5
D3_LISI_IMG4467_.NEF,D3_LISI_IMG4467_DxO.dng,3,2,2,3,2,2,FALSE,Image size does not match,Image size does not match,Image size does not match,Image size does not match,0.9117106,0.85599995,0.69274324,2,2.33333333333333
D3_LISI_IMG4502_.NEF,D3_LISI_IMG4502_DxO.dng,3,2,3,3,3,3,FALSE,Image size does not match,Image size does not match,Image size does not match,Image size does not match,0.9498244,0.72543925,0.6358157,4,2.83333333333333
D3_LISI_pflanze_011_.NEF,D3_LISI_pflanze_011_DxO.dng,3,2,3,3,2,3,FALSE,Image size does not match,Image size does not match,Image size does not match,Image size does not match,0.7082755,0.6409004,0.25733185,6,2.66666666666667
D4_LISI_hundezone_009_.NEF,D4_LISI_hundezone_009_DxO.dng,2,2,3,2,3,3,FALSE,Image size does not match,Image size does not match,Image size does not match,Image size does not match,0.8160242,0.8932661,0.6695882,6,2.5
D4_LISI_hundezone_029_.NEF,D4_LISI_hundezone_029_DxO.dng,2,2,3,2,2,3,FALSE,Image size does not match,Image size does not match,Image size does not match,Image size does not match,0.74519736,0.7864657,0.5537788,4,2.33333333333333
D4_LISI_hundezone_043_.NEF,D4_LISI_hundezone_043_DxO.dng,2,2,3,2,2,3,FALSE,Image size does not match,Image size does not match,Image size does not match,Image size does not match,0.761739,0.7694977,0.6098534,2,2.33333333333333
D4_LISI_hundezone_045_.NEF,D4_LISI_hundezone_045_DxO.dng,2,2,3,2,2,3,FALSE,Image size does not match,Image size does not match,Image size does not match,Image size does not match,0.686354,0.7021921,0.54986084,8,2.33333333333333
D700_CMK_1449_.NEF,D700_CMK_1449_DxO.dng,2,2,3,1,2,3,FALSE,Image size does not match,Image size does not match,Image size does not match,Image size does not match,0.31850773,0.88862896,0.40496814,8,2.16666666666667
D700_CMK_1455_.NEF,D700_CMK_1455_DxO.dng,2,2,3,1,2,3,FALSE,Image size does not match,Image size does not match,Image size does not match,Image size does not match,0.38004878,0.74358904,0.36276805,10,2.16666666666667
D700_CMK_1476_.NEF,D700_CMK_1476_DxO.dng,2,2,3,2,3,3,FALSE,Image size does not match,Image size does not match,Image size does not match,Image size does not match,0.6638711,0.66723514,0.56833076,4,2.5
D700_KPIC_1_.NEF,D700_KPIC_1_DxO.dng,2,2,3,2,3,3,FALSE,Image size does not match,Image size does not match,Image size does not match,Image size does not match,0.8687368,0.92182845,0.55581445,10,2.5
D700_KPIC_2_.NEF,D700_KPIC_2_DxO.dng,2,2,2,1,2,3,FALSE,Image size does not match,Image size does not match,Image size does not match,Image size does not match,0.34835026,0.97582287,0.36606133,10,2
D700_KPIC_3_.NEF,D700_KPIC_3_DxO.dng,2,2,2,3,2,3,FALSE,Image size does not match,Image size does not match,Image size does not match,Image size does not match,0.83032316,0.589675,0.391672,14,2.33333333333333
D700_PN_DSC_0143_.NEF,D700_PN_DSC_0143_DxO.dng,2,2,3,2,3,3,FALSE,Image size does not match,Image size does not match,Image size does not match,Image size does not match,0.7381618,0.87078875,0.506137,12,2.5
D700_PN_DSC_0302_.NEF,D700_PN_DSC_0302_DxO.dng,2,2,2,2,3,3,FALSE,Image size does not match,Image size does not match,Image size does not match,Image size does not match,0.92219555,0.91098714,0.7874782,6,2.33333333333333
D700_PN_DSC_0364_.NEF,D700_PN_DSC_0364_DxO.dng,3,2,3,3,2,3,FALSE,Image size does not match,Image size does not match,Image size does not match,Image size does not match,0.93328536,0.8792398,0.7856406,6,2.66666666666667
D700_PN_DSC_0443_.NEF,D700_PN_DSC_0443_DxO.dng,2,2,3,2,2,3,FALSE,Image size does not match,Image size does not match,Image size does not match,Image size does not match,0.49605414,0.8646824,0.46461776,10,2.33333333333333
D700_PN_DSC_0570_.NEF,D700_PN_DSC_0570_DxO.dng,2,3,3,2,3,3,FALSE,Image size does not match,Image size does not match,Image size does not match,Image size does not match,0.7991855,0.8020874,0.46623042,6,2.66666666666667
D700_PN_DSC_1220_.NEF,D700_PN_DSC_1220_DxO.dng,2,3,2,2,2,3,FALSE,Image size does not match,Image size does not match,Image size does not match,Image size does not match,0.74304914,0.8433122,0.36437118,4,2.33333333333333
D700_PN_DSC_1316_.NEF,D700_PN_DSC_1316_DxO.dng,2,2,3,2,3,3,FALSE,Image size does not match,Image size does not match,Image size does not match,Image size does not match,0.6042899,0.5910398,0.20553625,6,2.5
D700_PN_DSC_1348_.NEF,D700_PN_DSC_1348_DxO.dng,2,3,2,2,2,3,FALSE,Image size does not match,Image size does not match,Image size does not match,Image size does not match,0.5166207,0.67490005,0.24072173,10,2.33333333333333
D700_PN_DSC_1353_.NEF,D700_PN_DSC_1353_DxO.dng,2,3,2,1,2,3,FALSE,Image size does not match,Image size does not match,Image size does not match,Image size does not match,0.54062647,0.71281797,0.2588148,4,2.16666666666667
D700_PN_DSC_2109_.NEF,D700_PN_DSC_2109_DxO.dng,2,2,2,2,3,3,FALSE,Image size does not match,Image size does not match,Image size does not match,Image size does not match,0.8390285,0.8097327,0.5488943,6,2.33333333333333
D700_PN_DSC_2261_.NEF,D700_PN_DSC_2261_DxO.dng,2,2,2,2,2,2,FALSE,Image size does not match,Image size does not match,Image size does not match,Image size does not match,0.8475046,0.82790625,0.64809895,8,2
D700_PN_DSC_2552_.NEF,D700_PN_DSC_2552_DxO.dng,2,2,2,2,3,3,FALSE,Image size does not match,Image size does not match,Image size does not match,Image size does not match,0.94931144,0.8376829,0.74202305,4,2.33333333333333
D700_PN_DSC_3021_.NEF,D700_PN_DSC_3021_DxO.dng,2,2,3,2,2,3,FALSE,Image size does not match,Image size does not match,Image size does not match,Image size does not match,0.8960899,0.7949427,0.75522876,10,2.33333333333333
D700_PN_DSC_3032_.NEF,D700_PN_DSC_3032_DxO.dng,2,2,3,3,1,3,FALSE,Image size does not match,Image size does not match,Image size does not match,Image size does not match,0.80097616,0.9958998,0.68911666,8,2.33333333333333
D700_PN_DSC_3735_.NEF,D700_PN_DSC_3735_DxO.dng,2,2,2,2,2,3,FALSE,Image size does not match,Image size does not match,Image size does not match,Image size does not match,0.7410385,0.80583316,0.5518871,6,2.16666666666667
D700_PN_DSC_3748_.NEF,D700_PN_DSC_3748_DxO.dng,2,2,3,2,3,3,FALSE,Image size does not match,Image size does not match,Image size does not match,Image size does not match,0.602243,0.8411299,0.5144112,12,2.5
D700_PN_DSC_3825_.NEF,D700_PN_DSC_3825_DxO.dng,2,2,3,2,2,3,FALSE,Image size does not match,Image size does not match,Image size does not match,Image size does not match,0.89737856,0.77660924,0.5568119,14,2.33333333333333
D700_PN_DSC_3872_.NEF,D700_PN_DSC_3872_DxO.dng,2,2,3,2,2,3,FALSE,Image size does not match,Image size does not match,Image size does not match,Image size does not match,0.6839479,0.6241978,0.378894,8,2.33333333333333
D700_PN_DSC_4115_.NEF,D700_PN_DSC_4115_DxO.dng,2,2,3,1,3,3,FALSE,Image size does not match,Image size does not match,Image size does not match,Image size does not match,0.68446255,0.78811073,0.5618253,4,2.33333333333333
D700_PN_DSC_4148_.NEF,D700_PN_DSC_4148_DxO.dng,2,2,3,2,2,3,FALSE,Image size does not match,Image size does not match,Image size does not match,Image size does not match,0.60615957,0.7758632,0.43576935,2,2.33333333333333
D700_PN_DSC_4176_.NEF,D700_PN_DSC_4176_DxO.dng,2,2,3,2,3,3,FALSE,Image size does not match,Image size does not match,Image size does not match,Image size does not match,0.6690588,0.85681176,0.5250192,0,2.5
D700_PN_DSC_4219_.NEF,D700_PN_DSC_4219_DxO.dng,2,3,3,2,2,3,FALSE,Image size does not match,Image size does not match,Image size does not match,Image size does not match,0.74784786,0.88012844,0.56940395,4,2.5
D700_PN_DSC_4406_.NEF,D700_PN_DSC_4406_DxO.dng,2,2,3,2,2,3,FALSE,Image size does not match,Image size does not match,Image size does not match,Image size does not match,0.5286506,0.92122483,0.5250572,6,2.33333333333333
D700_PN_DSC_4607_.NEF,D700_PN_DSC_4607_DxO.dng,2,2,2,2,2,3,FALSE,Image size does not match,Image size does not match,Image size does not match,Image size does not match,0.70229775,0.7417199,0.5078472,6,2.16666666666667
D700_PN_DSC_4745_.NEF,D700_PN_DSC_4745_DxO.dng,3,3,2,3,2,3,FALSE,Image size does not match,Image size does not match,Image size does not match,Image size does not match,0.89206505,0.6726467,0.47399077,6,2.66666666666667
D700_PN_DSC_4769_.NEF,D700_PN_DSC_4769_DxO.dng,3,2,3,3,2,3,FALSE,Image size does not match,Image size does not match,Image size does not match,Image size does not match,0.791647,0.8181142,0.32174313,8,2.66666666666667
D700_PN_DSC_4931_.NEF,D700_PN_DSC_4931_DxO.dng,2,2,2,2,2,3,FALSE,Image size does not match,Image size does not match,Image size does not match,Image size does not match,0.68460345,0.7060497,0.47988924,8,2.16666666666667
D700_PN_DSC_5284_.NEF,D700_PN_DSC_5284_DxO.dng,2,2,3,2,2,3,FALSE,Image size does not match,Image size does not match,Image size does not match,Image size does not match,0.64779985,0.79306847,0.34908566,6,2.33333333333333
D700_PN_DSC_5424_.NEF,D700_PN_DSC_5424_DxO.dng,2,2,2,2,2,3,FALSE,Image size does not match,Image size does not match,Image size does not match,Image size does not match,0.58354396,0.84346145,0.4683218,10,2.16666666666667
D700_PN_DSC_5526_.NEF,D700_PN_DSC_5526_DxO.dng,2,2,3,3,2,3,FALSE,Image size does not match,Image size does not match,Image size does not match,Image size does not match,0.86387205,0.77678835,0.7454702,4,2.5
D700_PN_DSC_5590_.NEF,D700_PN_DSC_5590_DxO.dng,2,2,3,2,2,3,FALSE,Image size does not match,Image size does not match,Image size does not match,Image size does not match,0.8497569,0.7077066,0.62300444,20,2.33333333333333
D700_PN_DSC_5641_.NEF,D700_PN_DSC_5641_DxO.dng,2,2,3,2,3,3,FALSE,Image size does not match,Image size does not match,Image size does not match,Image size does not match,0.7582684,0.8558364,0.50194126,8,2.5
D700_PN_DSC_5670_.NEF,D700_PN_DSC_5670_DxO.dng,3,2,3,3,2,3,FALSE,Image size does not match,Image size does not match,Image size does not match,Image size does not match,0.9245005,0.8422438,0.74485815,8,2.66666666666667
D700_PN_DSC_5705_.NEF,D700_PN_DSC_5705_DxO.dng,2,3,3,2,3,3,FALSE,Image size does not match,Image size does not match,Image size does not match,Image size does not match,0.6832577,0.7066626,0.40923744,6,2.66666666666667
D700_PN_DSC_5787_.NEF,D700_PN_DSC_5787_DxO.dng,2,3,2,2,2,3,FALSE,Image size does not match,Image size does not match,Image size does not match,Image size does not match,0.7036957,0.8572556,0.48796436,2,2.33333333333333
D700_PN_DSC_5796_.NEF,D700_PN_DSC_5796_DxO.dng,2,3,3,2,2,3,FALSE,Image size does not match,Image size does not match,Image size does not match,Image size does not match,0.5798713,0.71701455,0.33891726,6,2.5
D700_PN_DSC_5814_.NEF,D700_PN_DSC_5814_DxO.dng,2,2,3,2,2,3,FALSE,Image size does not match,Image size does not match,Image size does not match,Image size does not match,0.66408473,0.72000235,0.3261253,10,2.33333333333333
D700_PN_DSC_5864_.NEF,D700_PN_DSC_5864_DxO.dng,2,2,3,2,2,3,FALSE,Image size does not match,Image size does not match,Image size does not match,Image size does not match,0.7123663,0.78487957,0.4089271,22,2.33333333333333
D700_PN_DSC_6042_.NEF,D700_PN_DSC_6042_DxO.dng,2,2,3,2,2,3,FALSE,Image size does not match,Image size does not match,Image size does not match,Image size does not match,0.82718354,0.9042903,0.6382091,8,2.33333333333333
D700_PN_DSC_6263_.NEF,D700_PN_DSC_6263_DxO.dng,2,2,3,2,2,3,FALSE,Image size does not match,Image size does not match,Image size does not match,Image size does not match,0.5446434,0.63680583,0.35466337,8,2.33333333333333
D700_PN_DSC_6316_.NEF,D700_PN_DSC_6316_DxO.dng,2,3,2,2,2,3,FALSE,Image size does not match,Image size does not match,Image size does not match,Image size does not match,0.81771034,0.8344204,0.66049993,2,2.33333333333333
D700_PN_DSC_7179_.NEF,D700_PN_DSC_7179_DxO.dng,2,2,3,2,2,3,FALSE,Image size does not match,Image size does not match,Image size does not match,Image size does not match,0.5892113,0.5676405,0.26887333,10,2.33333333333333
D700_PN_DSC_7941_.NEF,D700_PN_DSC_7941_DxO.dng,2,3,3,2,2,3,FALSE,Image size does not match,Image size does not match,Image size does not match,Image size does not match,0.646183,0.81254643,0.4709148,4,2.5
D700_PN_DSC_8622_.NEF,D700_PN_DSC_8622_DxO.dng,2,2,3,2,2,3,FALSE,Image size does not match,Image size does not match,Image size does not match,Image size does not match,0.63325185,0.4185402,0.101812124,20,2.33333333333333
D700_PN_DSC_8735_.NEF,D700_PN_DSC_8735_DxO.dng,2,2,3,2,2,3,FALSE,Image size does not match,Image size does not match,Image size does not match,Image size does not match,0.73743343,0.7667406,0.5830034,8,2.33333333333333
D700_PN_DSC_9047_.NEF,D700_PN_DSC_9047_DxO.dng,2,2,2,2,2,,FALSE,Image size does not match,Image size does not match,Image size does not match,Image size does not match,0.8296975,0.79416615,0.5843504,10,2
D70s_PN_20080619-DSC_0252_1839_.NEF,D70s_PN_20080619-DSC_0252_1839_DxO.dng,2,2,3,2,3,3,FALSE,Image size does not match,Image size does not match,Image size does not match,Image size does not match,0.740061,0.7132035,0.47150224,6,2.5
D70s_PN_DSC_0045_.NEF,D70s_PN_DSC_0045_DxO.dng,3,3,2,3,2,2,FALSE,Image size does not match,Image size does not match,Image size does not match,Image size does not match,0.9567043,0.6391041,0.59993005,6,2.5
D70s_PN_DSC_0226_.NEF,D70s_PN_DSC_0226_DxO.dng,3,3,2,3,2,3,FALSE,Image size does not match,Image size does not match,Image size does not match,Image size does not match,0.97199637,0.66012925,0.659919,20,2.66666666666667
D70s_PN_DSC_0264_.NEF,D70s_PN_DSC_0264_DxO.dng,2,2,3,2,3,2,FALSE,Image size does not match,Image size does not match,Image size does not match,Image size does not match,0.4130064,0.464741,0.15667476,2,2.33333333333333
D70s_PN_DSC_0309_.NEF,D70s_PN_DSC_0309_DxO.dng,3,3,2,3,2,3,FALSE,Image size does not match,Image size does not match,Image size does not match,Image size does not match,0.97782946,0.7709639,0.80478746,4,2.66666666666667
D800_KPIC_1_.NEF,D800_KPIC_1_DxO.dng,3,2,2,2,2,2,FALSE,Image size does not match,Image size does not match,Image size does not match,Image size does not match,0.7451632,0.8825793,0.51037073,4,2.16666666666667
D800_KPIC_2_.NEF,D800_KPIC_2_DxO.dng,3,2,2,2,3,3,FALSE,Image size does not match,Image size does not match,Image size does not match,Image size does not match,0.81050915,0.81960773,0.7217498,6,2.5
D80_PN_20070331-0216-1_.NEF,D80_PN_20070331-0216-1_DxO.dng,2,2,3,2,3,3,FALSE,Image size does not match,Image size does not match,Image size does not match,Image size does not match,0.61915815,0.7214971,0.42139116,6,2.5
D80_PN_20070331-0336-2_.NEF,D80_PN_20070331-0336-2_DxO.dng,2,2,3,2,2,3,FALSE,Image size does not match,Image size does not match,Image size does not match,Image size does not match,0.6276016,0.701319,0.4087953,4,2.33333333333333
D80_PN_20070331-1952-4_.NEF,D80_PN_20070331-1952-4_DxO.dng,3,2,3,3,2,3,FALSE,Image size does not match,Image size does not match,Image size does not match,Image size does not match,0.95871663,0.7862459,0.8334471,2,2.66666666666667
D80_PN_DSC_0151_.NEF,D80_PN_DSC_0151_DxO.dng,3,2,3,3,2,3,FALSE,Image size does not match,Image size does not match,Image size does not match,Image size does not match,0.94833183,0.8902304,0.81474143,6,2.66666666666667
DSC_0141_.NEF,DSC_0141_DxO.dng,3,2,1,3,2,3,TRUE,0,0,0,0,1,1,1,0,2.33333333333333
DSC_2265_.NEF,DSC_2265_DxO.dng,3,2,1,2,2,3,TRUE,0,0,0,0,1,1,1,0,2.16666666666667
DSC_2599_.NEF,DSC_2599_DxO.dng,2,2,2,2,2,2,TRUE,0,0,0,0,1,1,1,0,2
DSC_2982_.NEF,DSC_2982_DxO.dng,2,2,3,2,2,,TRUE,0,0,0,0,1,1,1,0,2.2
DSC_2984_.NEF,DSC_2984_DxO.dng,2,2,2,2,3,2,TRUE,0,0,0,0,1,1,1,0,2.16666666666667
DSC_2986_.NEF,DSC_2986_DxO.dng,2,2,2,2,2,3,TRUE,0,0,0,0,1,1,1,0,2.16666666666667
DSC_2987_.NEF,DSC_2987_DxO.dng,2,2,2,2,2,3,TRUE,0,0,0,0,1,1,1,0,2.16666666666667
DSC_2988_.NEF,DSC_2988_DxO.dng,2,2,2,2,2,2,TRUE,0,0,0,0,1,1,1,0,2
DSC_2991_.NEF,DSC_2991_DxO.dng,2,2,2,2,2,2,TRUE,0,0,0,0,1,1,1,0,2
DSC_3006_.NEF,DSC_3006_DxO.dng,2,3,2,2,3,2,TRUE,0,0,0,0,1,1,1,0,2.33333333333333
DSC_3015_.NEF,DSC_3015_DxO.dng,2,2,2,2,2,2,TRUE,0,0,0,0,1,1,1,0,2
DSC_3022_.NEF,DSC_3022_DxO.dng,2,3,2,2,3,2,TRUE,0,0,0,0,1,1,1,0,2.33333333333333
DSC_3023_.NEF,DSC_3023_DxO.dng,2,3,2,2,3,2,TRUE,0,0,0,0,1,1,1,0,2.33333333333333
DSC_3024_.NEF,DSC_3024_DxO.dng,2,2,2,2,3,2,TRUE,0,0,0,0,1,1,1,0,2.16666666666667
DSC_3025_.NEF,DSC_3025_DxO.dng,2,2,3,2,2,3,TRUE,0,0,0,0,1,1,1,0,2.33333333333333
DSC_3029_.NEF,DSC_3029_DxO.dng,2,2,2,3,3,2,TRUE,0,0,0,0,1,1,1,0,2.33333333333333
DSC_3030_.NEF,DSC_3030_DxO.dng,2,2,2,2,3,2,TRUE,0,0,0,0,1,1,1,0,2.16666666666667
DSC_3031_.NEF,DSC_3031_DxO.dng,2,2,2,3,3,2,TRUE,0,0,0,0,1,1,1,0,2.33333333333333
DSC_3032_.NEF,DSC_3032_DxO.dng,2,2,2,2,2,2,TRUE,0,0,0,0,1,1,1,0,2
DSC_3036_.NEF,DSC_3036_DxO.dng,2,2,3,2,2,3,TRUE,0,0,0,0,1,1,1,0,2.33333333333333
DSC_3037_.NEF,DSC_3037_DxO.dng,2,2,3,3,2,3,TRUE,0,0,0,0,1,1,1,0,2.5
DSC_3038_.NEF,DSC_3038_DxO.dng,2,2,2,2,2,3,TRUE,0,0,0,0,1,1,1,0,2.16666666666667
DSC_3040_.NEF,DSC_3040_DxO.dng,2,2,3,2,2,3,TRUE,0,0,0,0,1,1,1,0,2.33333333333333
DSC_3044_.NEF,DSC_3044_DxO.dng,2,2,2,2,2,2,TRUE,0,0,0,0,1,1,1,0,2
DSC_3045_.NEF,DSC_3045_DxO.dng,2,2,2,2,2,2,TRUE,0,0,0,0,1,1,1,0,2
DSC_3046_.NEF,DSC_3046_DxO.dng,2,2,2,2,2,2,TRUE,0,0,0,0,1,1,1,0,2
DSC_3047_.NEF,DSC_3047_DxO.dng,2,2,2,2,3,2,TRUE,0,0,0,0,1,1,1,0,2.16666666666667
DSC_3049_.NEF,DSC_3049_DxO.dng,2,2,2,2,2,2,TRUE,0,0,0,0,1,1,1,0,2
DSC_3051_.NEF,DSC_3051_DxO.dng,2,2,2,2,2,2,TRUE,0,0,0,0,1,1,1,0,2
DSC_3052_.NEF,DSC_3052_DxO.dng,2,2,2,2,2,2,TRUE,0,0,0,0,1,1,1,0,2
DSC_3055_.NEF,DSC_3055_DxO.dng,2,2,2,2,2,2,TRUE,0,0,0,0,1,1,1,0,2
DSC_3056_.NEF,DSC_3056_DxO.dng,2,2,3,2,2,3,TRUE,0,0,0,0,1,1,1,0,2.33333333333333
DSC_3059_.NEF,DSC_3059_DxO.dng,2,2,2,2,2,3,TRUE,0,0,0,0,1,1,1,0,2.16666666666667
DSC_3061_.NEF,DSC_3061_DxO.dng,2,2,2,2,3,2,TRUE,0,0,0,0,1,1,1,0,2.16666666666667
DSC_3065_.NEF,DSC_3065_DxO.dng,2,2,3,2,3,2,TRUE,0,0,0,0,1,1,1,0,2.33333333333333
DSC_3087_.NEF,DSC_3087_DxO.dng,2,2,2,2,3,2,TRUE,0,0,0,0,1,1,1,0,2.16666666666667
DSC_3088_.NEF,DSC_3088_DxO.dng,2,2,2,2,3,2,TRUE,0,0,0,0,1,1,1,0,2.16666666666667
DSC_3094_.NEF,DSC_3094_DxO.dng,2,3,2,2,2,2,TRUE,0,0,0,0,1,1,1,0,2.16666666666667
DSC_3095_.NEF,DSC_3095_DxO.dng,2,2,2,2,3,2,TRUE,0,0,0,0,1,1,1,0,2.16666666666667
DSC_3096_.NEF,DSC_3096_DxO.dng,2,2,2,2,3,2,TRUE,0,0,0,0,1,1,1,0,2.16666666666667
DSC_3097_.NEF,DSC_3097_DxO.dng,2,2,2,2,2,2,TRUE,0,0,0,0,1,1,1,0,2
DSC_3101_.NEF,DSC_3101_DxO.dng,2,2,3,2,2,2,TRUE,0,0,0,0,1,1,1,0,2.16666666666667
DSC_3102_.NEF,DSC_3102_DxO.dng,2,2,2,2,2,2,TRUE,0,0,0,0,1,1,1,0,2
DSC_3104_.NEF,DSC_3104_DxO.dng,2,2,2,2,2,2,TRUE,0,0,0,0,1,1,1,0,2
DSC_3108_.NEF,DSC_3108_DxO.dng,2,2,2,2,2,2,TRUE,0,0,0,0,1,1,1,0,2
DSC_3110_.NEF,DSC_3110_DxO.dng,2,2,2,2,2,2,TRUE,0,0,0,0,1,1,1,0,2
DSC_3113_.NEF,DSC_3113_DxO.dng,2,2,2,2,2,2,TRUE,0,0,0,0,1,1,1,0,2
DSC_3114_.NEF,DSC_3114_DxO.dng,2,2,2,2,2,2,TRUE,0,0,0,0,1,1,1,0,2
DSC_3115_.NEF,DSC_3115_DxO.dng,2,2,2,2,2,2,TRUE,0,0,0,0,1,1,1,0,2
DSC_3116_.NEF,DSC_3116_DxO.dng,2,2,2,2,2,2,TRUE,0,0,0,0,1,1,1,0,2
DSC_3117_.NEF,DSC_3117_DxO.dng,2,2,2,2,2,2,TRUE,0,0,0,0,1,1,1,0,2
DSC_3118_.NEF,DSC_3118_DxO.dng,2,2,2,2,2,2,TRUE,0,0,0,0,1,1,1,0,2
DSC_3121_.NEF,DSC_3121_DxO.dng,2,2,2,2,2,2,TRUE,0,0,0,0,1,1,1,0,2
DSC_3122_.NEF,DSC_3122_DxO.dng,2,3,2,2,2,2,TRUE,0,0,0,0,1,1,1,0,2.16666666666667
DSC_3123_.NEF,DSC_3123_DxO.dng,2,2,2,2,2,2,TRUE,0,0,0,0,1,1,1,0,2
DSC_3124_.NEF,DSC_3124_DxO.dng,2,2,2,2,2,2,TRUE,0,0,0,0,1,1,1,0,2
DSC_3127_.NEF,DSC_3127_DxO.dng,2,2,2,2,2,2,TRUE,0,0,0,0,1,1,1,0,2
DSC_3128_.NEF,DSC_3128_DxO.dng,2,2,2,2,2,2,TRUE,0,0,0,0,1,1,1,0,2
DSC_3129_.NEF,DSC_3129_DxO.dng,2,2,2,2,2,2,TRUE,0,0,0,0,1,1,1,0,2
DSC_3130_.NEF,DSC_3130_DxO.dng,2,2,2,2,2,2,TRUE,0,0,0,0,1,1,1,0,2
DSC_3131_.NEF,DSC_3131_DxO.dng,2,2,2,2,2,2,TRUE,0,0,0,0,1,1,1,0,2
DSC_3138_.NEF,DSC_3138_DxO.dng,2,2,2,2,2,2,TRUE,0,0,0,0,1,1,1,0,2
DSC_3150_.NEF,DSC_3150_DxO.dng,2,2,2,2,2,2,TRUE,0,0,0,0,1,1,1,0,2
DSC_3165_.NEF,DSC_3165_DxO.dng,2,2,2,2,2,2,TRUE,0,0,0,0,1,1,1,0,2
DSC_3167_.NEF,DSC_3167_DxO.dng,2,2,2,2,2,2,TRUE,0,0,0,0,1,1,1,0,2
DSC_3169_.NEF,DSC_3169_DxO.dng,2,2,2,2,2,2,TRUE,0,0,0,0,1,1,1,0,2
DSC_3170_.NEF,DSC_3170_DxO.dng,2,2,2,2,2,2,TRUE,0,0,0,0,1,1,1,0,2
DSC_3172_.NEF,DSC_3172_DxO.dng,2,2,2,2,2,2,TRUE,0,0,0,0,1,1,1,0,2
DSC_3176_.NEF,DSC_3176_DxO.dng,2,2,2,2,2,2,TRUE,0,0,0,0,1,1,1,0,2
DSC_3201_.NEF,DSC_3201_DxO.dng,2,2,2,2,2,2,TRUE,0,0,0,0,1,1,1,0,2
DSC_3202_.NEF,DSC_3202_DxO.dng,2,2,2,2,2,2,TRUE,0,0,0,0,1,1,1,0,2
DSC_3203_.NEF,DSC_3203_DxO.dng,2,2,2,2,2,2,TRUE,0,0,0,0,1,1,1,0,2
DSC_3204_.NEF,DSC_3204_DxO.dng,2,2,2,2,2,2,TRUE,0,0,0,0,1,1,1,0,2
DSC_3205_.NEF,DSC_3205_DxO.dng,2,2,2,2,2,2,TRUE,0,0,0,0,1,1,1,0,2
DSC_3206_.NEF,DSC_3206_DxO.dng,2,2,2,2,2,2,TRUE,0,0,0,0,1,1,1,0,2
DSC_3207_.NEF,DSC_3207_DxO.dng,2,2,2,2,2,2,TRUE,0,0,0,0,1,1,1,0,2
DSC_3225_.NEF,DSC_3225_DxO.dng,2,2,2,2,2,2,TRUE,0,0,0,0,1,1,1,0,2
DSC_3226_.NEF,DSC_3226_DxO.dng,2,2,2,2,2,2,TRUE,0,0,0,0,1,1,1,0,2
DSC_3227_.NEF,DSC_3227_DxO.dng,2,2,2,2,2,2,TRUE,0,0,0,0,1,1,1,0,2
DSC_3228_.NEF,DSC_3228_DxO.dng,2,2,2,2,2,2,TRUE,0,0,0,0,1,1,1,0,2
DSC_3229_.NEF,DSC_3229_DxO.dng,2,2,2,2,2,2,TRUE,0,0,0,0,1,1,1,0,2
DSC_3245_.NEF,DSC_3245_DxO.dng,2,2,3,2,2,2,TRUE,0,0,0,0,1,1,1,0,2.16666666666667
DSC_3246_.NEF,DSC_3246_DxO.dng,2,2,2,2,2,3,TRUE,0,0,0,0,1,1,1,0,2.16666666666667
DSC_3247_.NEF,DSC_3247_DxO.dng,2,2,2,2,2,3,TRUE,0,0,0,0,1,1,1,0,2.16666666666667
DSC_3248_.NEF,DSC_3248_DxO.dng,2,2,2,2,2,3,TRUE,0,0,0,0,1,1,1,0,2.16666666666667
DSC_3266_.NEF,DSC_3266_DxO.dng,2,2,2,2,2,2,TRUE,0,0,0,0,1,1,1,0,2
DSC_3267_.NEF,DSC_3267_DxO.dng,2,2,2,2,2,2,TRUE,0,0,0,0,1,1,1,0,2
DSC_3270_.NEF,DSC_3270_DxO.dng,2,2,2,2,2,3,TRUE,0,0,0,0,1,1,1,0,2.16666666666667
DSC_3271_.NEF,DSC_3271_DxO.dng,2,2,3,2,2,3,TRUE,0,0,0,0,1,1,1,0,2.33333333333333
DSC_3274_.NEF,DSC_3274_DxO.dng,2,2,2,2,2,2,TRUE,0,0,0,0,1,1,1,0,2
DSC_3275_.NEF,DSC_3275_DxO.dng,2,2,2,2,2,2,TRUE,0,0,0,0,1,1,1,0,2
DSC_3276_.NEF,DSC_3276_DxO.dng,2,2,3,2,2,2,TRUE,0,0,0,0,1,1,1,0,2.16666666666667
DSC_3278_.NEF,DSC_3278_DxO.dng,2,2,2,2,2,2,TRUE,0,0,0,0,1,1,1,0,2
DSC_3279_.NEF,DSC_3279_DxO.dng,2,2,2,2,2,2,TRUE,0,0,0,0,1,1,1,0,2
DSC_3280_.NEF,DSC_3280_DxO.dng,2,2,2,2,2,2,TRUE,0,0,0,0,1,1,1,0,2
DSC_3281_.NEF,DSC_3281_DxO.dng,2,2,2,2,2,2,TRUE,0,0,0,0,1,1,1,0,2
DSC_3283_.NEF,DSC_3283_DxO.dng,2,2,2,2,2,2,TRUE,0,0,0,0,1,1,1,0,2
DSC_3284_.NEF,DSC_3284_DxO.dng,2,2,2,2,2,2,TRUE,0,0,0,0,1,1,1,0,2
DSC_3285_.NEF,DSC_3285_DxO.dng,2,2,2,2,2,2,TRUE,0,0,0,0,1,1,1,0,2
DSC_3286_.NEF,DSC_3286_DxO.dng,2,2,2,2,2,2,TRUE,0,0,0,0,1,1,1,0,2
DSC_3287_.NEF,DSC_3287_DxO.dng,2,2,2,2,2,2,TRUE,0,0,0,0,1,1,1,0,2
DSC_3290_.NEF,DSC_3290_DxO.dng,2,2,2,2,2,2,TRUE,0,0,0,0,1,1,1,0,2
DSC_3291_.NEF,DSC_3291_DxO.dng,2,2,2,2,2,2,TRUE,0,0,0,0,1,1,1,0,2
DSC_3295_.NEF,DSC_3295_DxO.dng,2,2,2,2,2,2,TRUE,0,0,0,0,1,1,1,0,2
DSC_3296_.NEF,DSC_3296_DxO.dng,2,2,2,2,2,2,TRUE,0,0,0,0,1,1,1,0,2
DSC_3297_.NEF,DSC_3297_DxO.dng,2,2,2,2,2,2,TRUE,0,0,0,0,1,1,1,0,2
DSC_3298_.NEF,DSC_3298_DxO.dng,2,2,2,2,2,2,TRUE,0,0,0,0,1,1,1,0,2
DSC_3299_.NEF,DSC_3299_DxO.dng,2,2,2,2,2,2,TRUE,0,0,0,0,1,1,1,0,2
DSC_3302_.NEF,DSC_3302_DxO.dng,2,2,2,2,2,2,TRUE,0,0,0,0,1,1,1,0,2
DSC_3310_.NEF,DSC_3310_DxO.dng,2,2,2,2,2,2,TRUE,0,0,0,0,1,1,1,0,2
DSC_3311_.NEF,DSC_3311_DxO.dng,2,2,2,2,2,2,TRUE,0,0,0,0,1,1,1,0,2
DSC_3312_.NEF,DSC_3312_DxO.dng,2,2,2,2,2,2,TRUE,0,0,0,0,1,1,1,0,2
DSC_4716_.NEF,DSC_4716_DxO.dng,2,2,2,2,2,2,TRUE,0,0,0,0,1,1,1,0,2
DSC_6633_.NEF,DSC_6633_DxO.dng,2,2,2,2,2,2,TRUE,0,0,0,0,1,1,1,0,2
DSC_6635_.NEF,DSC_6635_DxO.dng,2,2,3,2,2,3,TRUE,0,0,0,0,1,1,1,0,2.33333333333333
DSC_6652_.NEF,DSC_6652_DxO.dng,2,2,2,2,2,2,TRUE,0,0,0,0,1,1,1,0,2
IMG_0075_.CR2,IMG_0075_DxO.dng,2,3,2,2,2,2,TRUE,0,0,0,0,1,1,1,0,2.16666666666667
IMG_0166_.CR2,IMG_0166_DxO.dng,2,2,2,2,3,1,FALSE,0.18338524,0.0003273654,0.0000020903015,0.23822021,0.9999523,0.9992339,0.9915628,0,2
IMG_0175_.CR2,IMG_0175_DxO.dng,2,2,2,2,2,2,FALSE,0.20820956,0.0003502214,0.0000017774078,0.16148376,0.9997628,0.96355957,0.97453064,0,2
IMG_0177_.CR2,IMG_0177_DxO.dng,2,2,2,2,3,2,TRUE,0,0,0,0,1,1,1,0,2.16666666666667
IMG_2399_.CR2,IMG_2399_DxO.dng,2,2,2,2,3,2,TRUE,0,0,0,0,1,1,1,0,2.16666666666667
IMG_2401_.CR2,IMG_2401_DxO.dng,2,2,2,2,3,2,FALSE,0.21803616,0.0004430195,0.0000026382138,0.06317139,0.99859035,0.98504865,0.9809008,0,2.16666666666667
IMG_3711_.CR2,IMG_3711_DxO.dng,2,3,2,2,3,2,TRUE,0,0,0,0,1,1,1,0,2.33333333333333
IMG_3721_.CR2,IMG_3721_DxO.dng,2,2,2,2,3,2,FALSE,0.22435334,0.0005073603,0.000003642462,0.10072327,0.997471,0.99565434,0.9914074,0,2.16666666666667
IMG_3722_.CR2,IMG_3722_DxO.dng,2,2,1,2,3,2,FALSE,0.21354921,0.0004726737,0.000003415343,0.17721558,0.99810594,0.9961202,0.9917897,0,2
IMG_3790_.CR2,IMG_3790_DxO.dng,2,3,2,2,3,2,FALSE,0.18044461,0.0003784796,0.0000025476938,0.106170654,0.99951226,0.99877596,0.9838489,0,2.33333333333333
IMG_3823_.CR2,IMG_3823_DxO.dng,2,2,2,2,2,2,FALSE,0.17119744,0.0002922097,0.0000014793693,0.07733154,0.9998754,0.9996368,0.99505186,0,2
IMG_3826_.CR2,IMG_3826_DxO.dng,2,2,3,2,2,3,FALSE,0.20304602,0.0004095322,0.000002665685,0.13162231,0.9995816,0.9992456,0.98228174,0,2.33333333333333
IMG_4459_.CR2,IMG_4459_DxO.dng,2,2,2,2,3,1,TRUE,0,0,0,0,1,1,1,0,2
IMG_4487_.CR2,IMG_4487_DxO.dng,2,2,2,3,3,3,FALSE,0.17401168,0.0003412967,0.0000018893835,0.07696533,0.9996131,0.99141943,0.9926468,0,2.5
IMG_4641_.CR2,IMG_4641_DxO.dng,2,2,2,3,3,3,FALSE,0.23232768,0.0003831759,0.0000017365782,0.23913574,0.9992438,0.9245783,0.94198966,0,2.5
IMG_4837_.CR2,IMG_4837_DxO.dng,2,3,2,2,2,3,FALSE,0.19185974,0.0003676807,0.0000020507323,0.062576294,0.99963,0.99233836,0.9865183,0,2.33333333333333
IMG_4874_.CR2,IMG_4874_DxO.dng,2,2,2,2,2,2,FALSE,0.3063885,0.0005806991,0.0000029933362,0.053726196,0.9987294,0.98049766,0.97609067,0,2
IMG_5029_.CR2,IMG_5029_DxO.dng,2,3,2,2,2,3,FALSE,0.26961014,0.0004794507,0.0000024107571,0.11076355,0.9994033,0.9836576,0.95527935,0,2.33333333333333
IMG_7373_.CR2,IMG_7373_DxO.dng,2,2,3,2,2,2,FALSE,0.1955686,0.0003974017,0.0000026055416,0.10522461,0.999673,0.99916506,0.99670494,0,2.16666666666667