original	converted	r1_clipping	r1_brightness	r1_hue	r2_clipping	r2_brightness	r2_hue	rae_unint	rmse_unint	rmae_unint	rpae_unint	ssim_h_int	ssim_s_int	ssim_v_int	rae_int	rmse_int
originals/5DIII_LISI_charlie_maedels_1081_.CR2	converted_AdobeDNC/5DIII_LISI_charlie_maedels_1081_AdobeDNC.dng	3	2	3	3	2	3					0.8668525	0.8530242	0.9395484		
originals/5DIII_LISI_charlie_nachbarin_007_.CR2	converted_AdobeDNC/5DIII_LISI_charlie_nachbarin_007_AdobeDNC.dng	3	2	3	3	2	2					0.83880436	0.7399428	0.8976802		
originals/5DIII_LISI_charlito85er_005_.CR2	converted_AdobeDNC/5DIII_LISI_charlito85er_005_AdobeDNC.dng	3	2	3	3	2	3					0.985062	0.8451894	0.9420406		
originals/5DIII_LISI_charlito85er_026_.CR2	converted_AdobeDNC/5DIII_LISI_charlito85er_026_AdobeDNC.dng	3	2	3	3	2	3					0.9237141	0.787641	0.94188213		
originals/Canon5DII_FLO_.CR2	converted_AdobeDNC/Canon5DII_FLO_AdobeDNC.dng	2	2	3	2	2	3	0.9899881	0.0746		0.7810178	0.9963908	0.9920233	0.99933416	0.9989633	0.000009523
originals/Canon40D_FLO_.CR2	converted_AdobeDNC/Canon40D_FLO_AdobeDNC.dng	3	2	3	3	2	3					0.861416	0.59118426	0.81501013		
originals/Canon60D_FLO_.CR2	converted_AdobeDNC/Canon60D_FLO_AdobeDNC.dng	3	2	3	3	2	3	0.98142326	0.031558104		0.6142214	0.9473126	0.90374005	0.93429554	1	0.011714001
originals/D3_LISI_DSC4421_.NEF	converted_AdobeDNC/D3_LISI_DSC4421_AdobeDNC.dng	3	2	3	3	2	3					0.9994641	0.9971152	0.9995449		
originals/D3_LISI_IMG4467_.NEF	converted_AdobeDNC/D3_LISI_IMG4467_AdobeDNC.dng	3	2	3	3	2	3			0.24157624		0.9991853	0.9987096	0.9999389		
originals/D3_LISI_IMG4502_.NEF	converted_AdobeDNC/D3_LISI_IMG4502_AdobeDNC.dng	3	2	3	3	2	3			0.24157624		0.99803203	0.997195	0.9997855		
originals/D3_LISI_pflanze_011_.NEF	converted_AdobeDNC/D3_LISI_pflanze_011_AdobeDNC.dng	3	2	3	3	2	3					0.67079604	0.11770682	0.43106508		
originals/D4_LISI_hundezone_009_.NEF	converted_AdobeDNC/D4_LISI_hundezone_009_AdobeDNC.dng	3	2	3	3	2	3					0.85687643	0.43521965	0.47915277		
originals/D4_LISI_hundezone_029_.NEF	converted_AdobeDNC/D4_LISI_hundezone_029_AdobeDNC.dng	3	2	3	3	2	3			0.14205496		0.7940198	0.30860537	0.4927666		
originals/D4_LISI_hundezone_043_.NEF	converted_AdobeDNC/D4_LISI_hundezone_043_AdobeDNC.dng	3	2	3	3	2	3			0.14205496		0.7579556	0.41307262	0.45213455		
originals/D4_LISI_hundezone_045_.NEF	converted_AdobeDNC/D4_LISI_hundezone_045_AdobeDNC.dng	3	2	3	3	2	3					0.68867195	0.38032126	0.39051998		
originals/D70s_PN_20080619-DSC_0252_1839_.NEF	converted_AdobeDNC/D70s_PN_20080619-DSC_0252_1839_AdobeDNC.dng	3	2	3	3	2	3					0.99930894	0.99923867	0.99962264		
originals/D70s_PN_DSC_0045_.NEF	converted_AdobeDNC/D70s_PN_DSC_0045_AdobeDNC.dng	3	2	3	3	2	3					0.9958021	0.99592644	0.9995297		
originals/D70s_PN_DSC_0226_.NEF	converted_AdobeDNC/D70s_PN_DSC_0226_AdobeDNC.dng	3	2	3	3	2	3					0.9956558	0.99660754	0.9997311		
originals/D70s_PN_DSC_0264_.NEF	converted_AdobeDNC/D70s_PN_DSC_0264_AdobeDNC.dng	3	2	3	3	2	3					0.9993903	0.99795365	0.9993889		
originals/D70s_PN_DSC_0309_.NEF	converted_AdobeDNC/D70s_PN_DSC_0309_AdobeDNC.dng	3	2	3	3	2	3					0.99517006	0.99589473	0.99915427		
originals/D80_PN_20070331-0216-1_.NEF	converted_AdobeDNC/D80_PN_20070331-0216-1_AdobeDNC.dng	3	2	3	3	2	3					0.78086716	0.4931614	0.8176439		
originals/D80_PN_20070331-0336-2_.NEF	converted_AdobeDNC/D80_PN_20070331-0336-2_AdobeDNC.dng	3	2	3	3	2	3					0.7701054	0.5026118	0.8660896		
originals/D80_PN_20070331-1952-4_.NEF	converted_AdobeDNC/D80_PN_20070331-1952-4_AdobeDNC.dng	3	2	3	3	2	3					0.848439	0.8424528	0.9489216		
originals/D80_PN_DSC_0151_.NEF	converted_AdobeDNC/D80_PN_DSC_0151_AdobeDNC.dng	3	2	3	3	1	3					0.89285827	0.77983266	0.9337954		
originals/D300_PN_DSC_2337_.NEF	converted_AdobeDNC/D300_PN_DSC_2337_AdobeDNC.dng	3	2	3	3	2	3					0.79898626	0.5055752	0.64810723		
originals/D300_PN_DSC_2373_.NEF	converted_AdobeDNC/D300_PN_DSC_2373_AdobeDNC.dng	3	2	3	3	2	3					0.76055944	0.44845885	0.62193173		
originals/D300_PN_DSC_2848_.NEF	converted_AdobeDNC/D300_PN_DSC_2848_AdobeDNC.dng	3	2	3	3	2	3					0.7666685	0.37734297	0.56949365		
originals/D300_PN_DSC_4045_.NEF	converted_AdobeDNC/D300_PN_DSC_4045_AdobeDNC.dng	3	2	3	3	2	3					0.7621926	0.32773125	0.64321226		
originals/D300_PN_DSC_4311_.NEF	converted_AdobeDNC/D300_PN_DSC_4311_AdobeDNC.dng	3	2	3	3	2	3					0.7658339	0.20433362	0.57078433		
originals/D300_PN_DSC_4547_.NEF	converted_AdobeDNC/D300_PN_DSC_4547_AdobeDNC.dng	3	2	3	3	2	3					0.65223634	0.27911258	0.49912196		
originals/D300_PN_DSC_5147_.NEF	converted_AdobeDNC/D300_PN_DSC_5147_AdobeDNC.dng	3	2	3	3	2	3					0.6118803	0.4085473	0.55890155		
originals/D300_PN_DSC_5358_.NEF	converted_AdobeDNC/D300_PN_DSC_5358_AdobeDNC.dng	3	2	3	3	2	3					0.76762146	0.44283986	0.66087645		
originals/D300_PN_DSC_5449_.NEF	converted_AdobeDNC/D300_PN_DSC_5449_AdobeDNC.dng	3	2	3	3	2	3					0.83216727	0.44058853	0.6818299		
originals/D300_PN_DSC_5574_.NEF	converted_AdobeDNC/D300_PN_DSC_5574_AdobeDNC.dng	3	2	3	3	2	3					0.9210877	0.44546142	0.569261		
originals/D300_PN_DSC_6926_.NEF	converted_AdobeDNC/D300_PN_DSC_6926_AdobeDNC.dng	3	2	3	3	2	3					0.7865322	0.22984529	0.6238657		
originals/D300_PN_DSC_7484_.NEF	converted_AdobeDNC/D300_PN_DSC_7484_AdobeDNC.dng	3	2	2	3	2	3					0.66814536	0.16008976	0.39204115		
originals/D300_PN_DSC_7589_.NEF	converted_AdobeDNC/D300_PN_DSC_7589_AdobeDNC.dng	3	2	3	3	2	3					0.765877	0.15068017	0.4405773		
originals/D300_PN_DSC_8921_.NEF	converted_AdobeDNC/D300_PN_DSC_8921_AdobeDNC.dng	3	2	3	3	2	3					0.883516	0.3060385	0.66479814		
originals/D300_PN_DSC_8937_.NEF	converted_AdobeDNC/D300_PN_DSC_8937_AdobeDNC.dng	3	2	3	3	2	3					0.7212056	0.22226337	0.55191535		
originals/D300_PN_DSC_9062_.NEF	converted_AdobeDNC/D300_PN_DSC_9062_AdobeDNC.dng	3	2	3	3	2	3					0.76923233	0.22102968	0.555228		
originals/D300_PN_DSC_9164_.NEF	converted_AdobeDNC/D300_PN_DSC_9164_AdobeDNC.dng	3	2	3	3	2	3					0.71433365	0.19805415	0.47363943		
originals/D700_CMK_1449_.NEF	converted_AdobeDNC/D700_CMK_1449_AdobeDNC.dng	3	2	3	3	2	3					0.9991503	0.99774927	0.99988824		
originals/D700_CMK_1455_.NEF	converted_AdobeDNC/D700_CMK_1455_AdobeDNC.dng	3	2	3	3	2	3					0.99916506	0.998324	0.9999185		
originals/D700_CMK_1476_.NEF	converted_AdobeDNC/D700_CMK_1476_AdobeDNC.dng	3	2	3	3	2	3					0.9960677	0.99869937	0.9997239		
originals/D700_KPIC_1_.NEF	converted_AdobeDNC/D700_KPIC_1_AdobeDNC.dng	3	2	3	3	2	3					0.99972844	0.9978688	0.99990314		
originals/D700_KPIC_2_.NEF	converted_AdobeDNC/D700_KPIC_2_AdobeDNC.dng	3	2	3	3	2	3					0.99978745	0.9978175	0.99981856		
originals/D700_KPIC_3_.NEF	converted_AdobeDNC/D700_KPIC_3_AdobeDNC.dng	3	2	3	3	2	3					0.99749136	0.9959691	0.9992146		
originals/D700_PN_DSC_0143_.NEF	converted_AdobeDNC/D700_PN_DSC_0143_AdobeDNC.dng	3	2	3	3	2	3					0.99976206	0.9979289	0.999889		
originals/D700_PN_DSC_0302_.NEF	converted_AdobeDNC/D700_PN_DSC_0302_AdobeDNC.dng	3	2	3	3	2	3					0.9991251	0.9983432	0.9998971		
originals/D700_PN_DSC_0364_.NEF	converted_AdobeDNC/D700_PN_DSC_0364_AdobeDNC.dng	3	2	3	3	2	3					0.99869853	0.9978799	0.99988776		
originals/D700_PN_DSC_0443_.NEF	converted_AdobeDNC/D700_PN_DSC_0443_AdobeDNC.dng	3	2	3	3	2	3					0.9994108	0.9963345	0.9998646		
originals/D700_PN_DSC_0570_.NEF	converted_AdobeDNC/D700_PN_DSC_0570_AdobeDNC.dng	3	2	3	3	2	3					0.9989077	0.997021	0.9998239		
originals/D700_PN_DSC_1220_.NEF	converted_AdobeDNC/D700_PN_DSC_1220_AdobeDNC.dng	3	2	2	3	2	2					0.9992266	0.99664694	0.99960387		
originals/D700_PN_DSC_1316_.NEF	converted_AdobeDNC/D700_PN_DSC_1316_AdobeDNC.dng	3	2	3	3	2	3					0.99883467	0.99693555	0.9994908		
originals/D700_PN_DSC_1348_.NEF	converted_AdobeDNC/D700_PN_DSC_1348_AdobeDNC.dng	3	2	3	3	2	3					0.9989884	0.9976214	0.99970555		
originals/D700_PN_DSC_1353_.NEF	converted_AdobeDNC/D700_PN_DSC_1353_AdobeDNC.dng	2	2	3	3	2	3					0.99898136	0.9973752	0.99970496		
originals/D700_PN_DSC_2109_.NEF	converted_AdobeDNC/D700_PN_DSC_2109_AdobeDNC.dng	3	2	3	3	2	3					0.99943286	0.9965217	0.9997395		
originals/D700_PN_DSC_2261_.NEF	converted_AdobeDNC/D700_PN_DSC_2261_AdobeDNC.dng	3	2	2	3	2	3					0.99685085	0.9970752	0.99955225		
originals/D700_PN_DSC_2552_.NEF	converted_AdobeDNC/D700_PN_DSC_2552_AdobeDNC.dng	3	2	3	3	2	3					0.9981957	0.99698	0.999857		
originals/D700_PN_DSC_3021_.NEF	converted_AdobeDNC/D700_PN_DSC_3021_AdobeDNC.dng	3	2	3	3	1	3					0.99511254	0.99764544	0.9995972		
originals/D700_PN_DSC_3032_.NEF	converted_AdobeDNC/D700_PN_DSC_3032_AdobeDNC.dng	3	2	3	3	2	3					0.9999237	0.99557555	0.9996699		
originals/D700_PN_DSC_3735_.NEF	converted_AdobeDNC/D700_PN_DSC_3735_AdobeDNC.dng	3	2	3	3	2	3					0.9988333	0.9966237	0.9996935		
originals/D700_PN_DSC_3748_.NEF	converted_AdobeDNC/D700_PN_DSC_3748_AdobeDNC.dng	3	2	3	3	2	3					0.9991763	0.997389	0.9997436		
originals/D700_PN_DSC_3825_.NEF	converted_AdobeDNC/D700_PN_DSC_3825_AdobeDNC.dng	2	2	3	3	2	3					0.99920195	0.9973481	0.99977666		
originals/D700_PN_DSC_3872_.NEF	converted_AdobeDNC/D700_PN_DSC_3872_AdobeDNC.dng	3	2	3	3	2	3					0.9963843	0.9963215	0.999885		
originals/D700_PN_DSC_4115_.NEF	converted_AdobeDNC/D700_PN_DSC_4115_AdobeDNC.dng	3	2	3	3	2	3					0.99893206	0.9972234	0.99974704		
originals/D700_PN_DSC_4148_.NEF	converted_AdobeDNC/D700_PN_DSC_4148_AdobeDNC.dng	3	2	3	3	2	3					0.9988152	0.9967744	0.9996964		
originals/D700_PN_DSC_4176_.NEF	converted_AdobeDNC/D700_PN_DSC_4176_AdobeDNC.dng	2	2	3	3	2	3					0.99901444	0.9976164	0.9997611		
originals/D700_PN_DSC_4219_.NEF	converted_AdobeDNC/D700_PN_DSC_4219_AdobeDNC.dng	3	2	3	3	2	3					0.99764085	0.9962397	0.9990789		
originals/D700_PN_DSC_4406_.NEF	converted_AdobeDNC/D700_PN_DSC_4406_AdobeDNC.dng	3	2	3	3	2	3					0.9995628	0.99696535	0.99980336		
originals/D700_PN_DSC_4607_.NEF	converted_AdobeDNC/D700_PN_DSC_4607_AdobeDNC.dng	3	2	3	3	2	3					0.99840605	0.99721605	0.99958426		
originals/D700_PN_DSC_4745_.NEF	converted_AdobeDNC/D700_PN_DSC_4745_AdobeDNC.dng	3	2	3	3	2	3					0.99740523	0.99495125	0.999642		
originals/D700_PN_DSC_4769_.NEF	converted_AdobeDNC/D700_PN_DSC_4769_AdobeDNC.dng	3	2	3	3	2	3					0.99764234	0.99378735	0.9993615		
originals/D700_PN_DSC_4931_.NEF	converted_AdobeDNC/D700_PN_DSC_4931_AdobeDNC.dng	3	2	3	3	2	3					0.9980766	0.9965843	0.9995258		
originals/D700_PN_DSC_5284_.NEF	converted_AdobeDNC/D700_PN_DSC_5284_AdobeDNC.dng	3	2	3	3	2	3					0.99896514	0.99637973	0.9991638		
originals/D700_PN_DSC_5424_.NEF	converted_AdobeDNC/D700_PN_DSC_5424_AdobeDNC.dng	3	2	3	3	2	3					0.99954075	0.9970674	0.9996076		
originals/D700_PN_DSC_5526_.NEF	converted_AdobeDNC/D700_PN_DSC_5526_AdobeDNC.dng	3	2	3	3	2	3					0.9984478	0.998915	0.99988556		
originals/D700_PN_DSC_5590_.NEF	converted_AdobeDNC/D700_PN_DSC_5590_AdobeDNC.dng	3	2	3	3	2	3					0.99498963	0.9968886	0.9995232		
originals/D700_PN_DSC_5641_.NEF	converted_AdobeDNC/D700_PN_DSC_5641_AdobeDNC.dng	3	2	3	3	2	3					0.9990597	0.9971636	0.99974316		
originals/D700_PN_DSC_5670_.NEF	converted_AdobeDNC/D700_PN_DSC_5670_AdobeDNC.dng	3	2	3	3	2	3					0.99883336	0.9984094	0.99981904		
originals/D700_PN_DSC_5705_.NEF	converted_AdobeDNC/D700_PN_DSC_5705_AdobeDNC.dng	3	2	3	3	2	3					0.99791294	0.9973324	0.99965227		
originals/D700_PN_DSC_5787_.NEF	converted_AdobeDNC/D700_PN_DSC_5787_AdobeDNC.dng	3	2	3	3	2	3					0.99958193	0.9960994	0.99949837		
originals/D700_PN_DSC_5796_.NEF	converted_AdobeDNC/D700_PN_DSC_5796_AdobeDNC.dng	3	2	3	3	2	3					0.9987439	0.9978386	0.999765		
originals/D700_PN_DSC_5814_.NEF	converted_AdobeDNC/D700_PN_DSC_5814_AdobeDNC.dng	3	2	3	3	2	3					0.99792063	0.9966553	0.9995433		
originals/D700_PN_DSC_5864_.NEF	converted_AdobeDNC/D700_PN_DSC_5864_AdobeDNC.dng	3	2	3	3	2	3					0.9987706	0.99732685	0.99968517		
originals/D700_PN_DSC_6042_.NEF	converted_AdobeDNC/D700_PN_DSC_6042_AdobeDNC.dng	3	2	3	1	2	3					0.9995001	0.9979673	0.9997658		
originals/D700_PN_DSC_6263_.NEF	converted_AdobeDNC/D700_PN_DSC_6263_AdobeDNC.dng	3	2	3	3	1	3					0.998738	0.9979247	0.9998709		
originals/D700_PN_DSC_6316_.NEF	converted_AdobeDNC/D700_PN_DSC_6316_AdobeDNC.dng	3	2	3	3	2	3					0.9985049	0.9977306	0.99988294		
originals/D700_PN_DSC_7179_.NEF	converted_AdobeDNC/D700_PN_DSC_7179_AdobeDNC.dng	3	2	3	3	2	3					0.9994613	0.9981358	0.99972713		
originals/D700_PN_DSC_7941_.NEF	converted_AdobeDNC/D700_PN_DSC_7941_AdobeDNC.dng	3	2	3	3	2	3					0.9995304	0.9980506	0.99980104		
originals/D700_PN_DSC_8622_.NEF	converted_AdobeDNC/D700_PN_DSC_8622_AdobeDNC.dng	3	2	3	3	3	2					0.99833465	0.99660236	0.9990738		
originals/D700_PN_DSC_8735_.NEF	converted_AdobeDNC/D700_PN_DSC_8735_AdobeDNC.dng	3	2	3	3	2	3					0.99935156	0.9986225	0.999911		
originals/D700_PN_DSC_9047_.NEF	converted_AdobeDNC/D700_PN_DSC_9047_AdobeDNC.dng	3	2	3	3	2	3					0.99912506	0.9968867	0.99978805		
originals/D800_KPIC_1_.NEF	converted_AdobeDNC/D800_KPIC_1_AdobeDNC.dng	3	2	3	3	2	3					0.89669394	0.3666942	0.606485		
originals/D800_KPIC_2_.NEF	converted_AdobeDNC/D800_KPIC_2_AdobeDNC.dng	3	2	3	3	2	3					0.8214259	0.58449537	0.6491064		
originals/DSC_0141_.NEF	converted_AdobeDNC/DSC_0141_AdobeDNC.dng	3	2	2	3	2	3					0.999028	0.9982098	0.99878776		
originals/DSC_2265_.NEF	converted_AdobeDNC/DSC_2265_AdobeDNC.dng	3	2	1	3	2	3					0.9997093	0.9988898	0.9992361		
originals/DSC_2599_.NEF	converted_AdobeDNC/DSC_2599_AdobeDNC.dng	3	2	3	3	2	2					0.9993371	0.99913055	0.9994263		
originals/DSC_2982_.NEF	converted_AdobeDNC/DSC_2982_AdobeDNC.dng	3	2	2	3	2						0.998418	0.9985225	0.99919236		
originals/DSC_2984_.NEF	converted_AdobeDNC/DSC_2984_AdobeDNC.dng	3	2	3	3	2	3					0.9992574	0.9987653	0.99948454		
originals/DSC_2986_.NEF	converted_AdobeDNC/DSC_2986_AdobeDNC.dng	2	2	3	2	2	3					0.9991365	0.998394	0.9991799		
originals/DSC_2987_.NEF	converted_AdobeDNC/DSC_2987_AdobeDNC.dng	2	2	3	2	2	3					0.9988803	0.9982633	0.99933964		
originals/DSC_2988_.NEF	converted_AdobeDNC/DSC_2988_AdobeDNC.dng	2	2	2	2	2	3					0.99973375	0.9995432	0.9996485		
originals/DSC_2991_.NEF	converted_AdobeDNC/DSC_2991_AdobeDNC.dng	2	2	2	2	2	2					0.9990021	0.99751234	0.9988367		
originals/DSC_3006_.NEF	converted_AdobeDNC/DSC_3006_AdobeDNC.dng	2	2	3	3	2	3					0.9974676	0.9941562	0.99903566		
originals/DSC_3015_.NEF	converted_AdobeDNC/DSC_3015_AdobeDNC.dng	2	2	2	2	2	2					0.9986405	0.9975824	0.9990485		
originals/DSC_3022_.NEF	converted_AdobeDNC/DSC_3022_AdobeDNC.dng	3	2	2	2	2	3					0.99782616	0.99717516	0.9990288		
originals/DSC_3023_.NEF	converted_AdobeDNC/DSC_3023_AdobeDNC.dng	2	2	3	2	2	3					0.9985388	0.9977806	0.99925655		
originals/DSC_3024_.NEF	converted_AdobeDNC/DSC_3024_AdobeDNC.dng	2	2	3	2	2	3					0.99922454	0.99597013	0.99949336		
originals/DSC_3025_.NEF	converted_AdobeDNC/DSC_3025_AdobeDNC.dng	2	2	3	2	2	3					0.99875814	0.99789655	0.9991579		
originals/DSC_3029_.NEF	converted_AdobeDNC/DSC_3029_AdobeDNC.dng	2	2	3	3	2	3					0.9982127	0.9958583	0.9990525		
originals/DSC_3030_.NEF	converted_AdobeDNC/DSC_3030_AdobeDNC.dng	2	2	3	2	2	3					0.99966115	0.99924564	0.99911284		
originals/DSC_3031_.NEF	converted_AdobeDNC/DSC_3031_AdobeDNC.dng	2	2	3	3	2	3					0.99888337	0.997953	0.99966186		
originals/DSC_3032_.NEF	converted_AdobeDNC/DSC_3032_AdobeDNC.dng	2	2	3	2	2	3					0.9985483	0.9990669	0.9982626		
originals/DSC_3036_.NEF	converted_AdobeDNC/DSC_3036_AdobeDNC.dng	2	2	3	2	2	3					0.9983032	0.99880934	0.99789244		
originals/DSC_3037_.NEF	converted_AdobeDNC/DSC_3037_AdobeDNC.dng	2	2	3	2	2	3					0.99849236	0.9989497	0.99827266		
originals/DSC_3038_.NEF	converted_AdobeDNC/DSC_3038_AdobeDNC.dng	2	2	3	2	2	3					0.9983471	0.99901706	0.9982828		
originals/DSC_3040_.NEF	converted_AdobeDNC/DSC_3040_AdobeDNC.dng	2	2	3	2	2	3					0.9983332	0.9969016	0.9993993		
originals/DSC_3044_.NEF	converted_AdobeDNC/DSC_3044_AdobeDNC.dng	2	2	3	2	2	3					0.9993691	0.9981442	0.99898535		
originals/DSC_3045_.NEF	converted_AdobeDNC/DSC_3045_AdobeDNC.dng	2	2	3	2	2	3					0.99869454	0.99691695	0.9988494		
originals/DSC_3046_.NEF	converted_AdobeDNC/DSC_3046_AdobeDNC.dng	2	2	3	2	2	3					0.9984816	0.9976827	0.99809486		
originals/DSC_3047_.NEF	converted_AdobeDNC/DSC_3047_AdobeDNC.dng	2	2	3	2	2	3					0.9986542	0.9977804	0.99915296		
originals/DSC_3049_.NEF	converted_AdobeDNC/DSC_3049_AdobeDNC.dng	2	2	3	2	2	3					0.99850184	0.9979408	0.9985499		
originals/DSC_3051_.NEF	converted_AdobeDNC/DSC_3051_AdobeDNC.dng	2	2	3	2	2	3					0.99856526	0.99774593	0.9983989		
originals/DSC_3052_.NEF	converted_AdobeDNC/DSC_3052_AdobeDNC.dng	2	2	3	2	2	3					0.9972693	0.996406	0.9979592		
originals/DSC_3055_.NEF	converted_AdobeDNC/DSC_3055_AdobeDNC.dng	2	2	3	2	2	3					0.99842465	0.99780023	0.99797803		
originals/DSC_3056_.NEF	converted_AdobeDNC/DSC_3056_AdobeDNC.dng	2	2	3	2	2	3					0.99711347	0.9966876	0.9987296		
originals/DSC_3059_.NEF	converted_AdobeDNC/DSC_3059_AdobeDNC.dng	3	2	3	3	2	3					0.99878126	0.9983521	0.99895525		
originals/DSC_3061_.NEF	converted_AdobeDNC/DSC_3061_AdobeDNC.dng	3	2	3	3	2	3					0.99885124	0.9986437	0.99908113		
originals/DSC_3065_.NEF	converted_AdobeDNC/DSC_3065_AdobeDNC.dng	3	2	3	3	2	3					0.9987722	0.9983392	0.99911827		
originals/DSC_3087_.NEF	converted_AdobeDNC/DSC_3087_AdobeDNC.dng	3	2	3	3	2	3					0.9987817	0.99907726	0.9991555		
originals/DSC_3088_.NEF	converted_AdobeDNC/DSC_3088_AdobeDNC.dng	3	2	3	3	2	3					0.99855024	0.9986202	0.99894917		
originals/DSC_3094_.NEF	converted_AdobeDNC/DSC_3094_AdobeDNC.dng	3	2	3	3	2	3					0.9985375	0.9986235	0.99911445		
originals/DSC_3095_.NEF	converted_AdobeDNC/DSC_3095_AdobeDNC.dng	3	2	3	3	2	3					0.9985372	0.99837613	0.9990147		
originals/DSC_3096_.NEF	converted_AdobeDNC/DSC_3096_AdobeDNC.dng	3	2	3	3	2	3					0.9984677	0.99785364	0.9987297		
originals/DSC_3097_.NEF	converted_AdobeDNC/DSC_3097_AdobeDNC.dng	3	2	3	3	2	3					0.9986078	0.99808204	0.9984915		
originals/DSC_3101_.NEF	converted_AdobeDNC/DSC_3101_AdobeDNC.dng	3	2	3	3	2	3					0.99681026	0.9966859	0.9986135		
originals/DSC_3102_.NEF	converted_AdobeDNC/DSC_3102_AdobeDNC.dng	3	2	3	2	2	3					0.9962433	0.99682903	0.9983659		
originals/DSC_3104_.NEF	converted_AdobeDNC/DSC_3104_AdobeDNC.dng	3	2	3	2	2	3					0.99611706	0.9968317	0.99816966		
originals/DSC_3108_.NEF	converted_AdobeDNC/DSC_3108_AdobeDNC.dng	3	2	3	2	2	3					0.9975073	0.9977188	0.9987564		
originals/DSC_3110_.NEF	converted_AdobeDNC/DSC_3110_AdobeDNC.dng	3	2	3	2	2	3					0.9964071	0.99696016	0.998281		
originals/DSC_3113_.NEF	converted_AdobeDNC/DSC_3113_AdobeDNC.dng	3	2	3	2	2	3					0.9964357	0.99687225	0.9983646		
originals/DSC_3114_.NEF	converted_AdobeDNC/DSC_3114_AdobeDNC.dng	3	2	3	2	2	3					0.9963305	0.99687284	0.9982503		
originals/DSC_3115_.NEF	converted_AdobeDNC/DSC_3115_AdobeDNC.dng	3	2	3	2	2	3					0.99690354	0.99708086	0.9983786		
originals/DSC_3116_.NEF	converted_AdobeDNC/DSC_3116_AdobeDNC.dng	3	2	3	2	2	3					0.9968033	0.9971906	0.9984679		
originals/DSC_3117_.NEF	converted_AdobeDNC/DSC_3117_AdobeDNC.dng	3	2	3	2	2	3					0.9968312	0.9969196	0.9984797		
originals/DSC_3118_.NEF	converted_AdobeDNC/DSC_3118_AdobeDNC.dng	2	2	3	2	2	3					0.9966425	0.9966822	0.99894756		
originals/DSC_3121_.NEF	converted_AdobeDNC/DSC_3121_AdobeDNC.dng	2	2	3	2	2	3					0.9972709	0.9970683	0.99906474		
originals/DSC_3122_.NEF	converted_AdobeDNC/DSC_3122_AdobeDNC.dng	2	2	3	2	2	3					0.99808806	0.9976133	0.9991264		
originals/DSC_3123_.NEF	converted_AdobeDNC/DSC_3123_AdobeDNC.dng	2	2	3	2	2	3					0.9974865	0.99716306	0.9991336		
originals/DSC_3124_.NEF	converted_AdobeDNC/DSC_3124_AdobeDNC.dng	2	2	3	2	2	3					0.99728596	0.9967399	0.99921936		
originals/DSC_3127_.NEF	converted_AdobeDNC/DSC_3127_AdobeDNC.dng	3	2	3	2	2	3					0.9979701	0.99753577	0.9993108		
originals/DSC_3128_.NEF	converted_AdobeDNC/DSC_3128_AdobeDNC.dng	3	2	3	2	2	3					0.9974767	0.99740577	0.9992773		
originals/DSC_3129_.NEF	converted_AdobeDNC/DSC_3129_AdobeDNC.dng	3	2	3	2	2	3					0.997655	0.997135	0.99914235		
originals/DSC_3130_.NEF	converted_AdobeDNC/DSC_3130_AdobeDNC.dng	3	2	3	2	2	3					0.9971745	0.9971254	0.9990717		
originals/DSC_3131_.NEF	converted_AdobeDNC/DSC_3131_AdobeDNC.dng	3	2	3	2	2	3					0.99791247	0.9976927	0.9988693		
originals/DSC_3138_.NEF	converted_AdobeDNC/DSC_3138_AdobeDNC.dng	2	2	3	2	2	3					0.9987184	0.99870944	0.999329		
originals/DSC_3150_.NEF	converted_AdobeDNC/DSC_3150_AdobeDNC.dng	2	2	3	2	2	3					0.9979797	0.9969633	0.9994695		
originals/DSC_3165_.NEF	converted_AdobeDNC/DSC_3165_AdobeDNC.dng	3	2	3	2	2	3					0.99842733	0.99686235	0.99941653		
originals/DSC_3167_.NEF	converted_AdobeDNC/DSC_3167_AdobeDNC.dng	3	2	3	2	2	3					0.99858946	0.9970417	0.9994345		
originals/DSC_3169_.NEF	converted_AdobeDNC/DSC_3169_AdobeDNC.dng	3	2	3	2	2	3					0.99845105	0.9966977	0.99937093		
originals/DSC_3170_.NEF	converted_AdobeDNC/DSC_3170_AdobeDNC.dng	2	2	3	2	2	3					0.99841946	0.9970024	0.99940735		
originals/DSC_3172_.NEF	converted_AdobeDNC/DSC_3172_AdobeDNC.dng	2	2	3	2	2	3					0.9983649	0.99727094	0.99962866		
originals/DSC_3176_.NEF	converted_AdobeDNC/DSC_3176_AdobeDNC.dng	2	2	3	2	2	3					0.99831665	0.9981453	0.9993281		
originals/DSC_3201_.NEF	converted_AdobeDNC/DSC_3201_AdobeDNC.dng	3	2	3	2	2	3					0.9982975	0.99715495	0.9994714		
originals/DSC_3202_.NEF	converted_AdobeDNC/DSC_3202_AdobeDNC.dng	2	2	3	2	2	3					0.99833494	0.9972124	0.99944127		
originals/DSC_3203_.NEF	converted_AdobeDNC/DSC_3203_AdobeDNC.dng	2	2	3	2	2	3					0.99859804	0.9972316	0.99953187		
originals/DSC_3204_.NEF	converted_AdobeDNC/DSC_3204_AdobeDNC.dng	3	2	3	2	2	3					0.99818814	0.9972492	0.9994371		
originals/DSC_3205_.NEF	converted_AdobeDNC/DSC_3205_AdobeDNC.dng	3	2	3	2	2	3					0.9980945	0.99720794	0.99939495		
originals/DSC_3206_.NEF	converted_AdobeDNC/DSC_3206_AdobeDNC.dng	2	2	3	2	2	3					0.9982359	0.997244	0.99940103		
originals/DSC_3207_.NEF	converted_AdobeDNC/DSC_3207_AdobeDNC.dng	2	2	3	2	2	3					0.9980341	0.9973047	0.9993821		
originals/DSC_3225_.NEF	converted_AdobeDNC/DSC_3225_AdobeDNC.dng	2	2	3	2	2	3					0.9965906	0.99552983	0.99810904		
originals/DSC_3226_.NEF	converted_AdobeDNC/DSC_3226_AdobeDNC.dng	2	2	3	2	2	3					0.79068065	0.64948314	0.6962445		
originals/DSC_3227_.NEF	converted_AdobeDNC/DSC_3227_AdobeDNC.dng	2	2	3	2	2	3					0.99399894	0.9930793	0.9976059		
originals/DSC_3228_.NEF	converted_AdobeDNC/DSC_3228_AdobeDNC.dng	2	2	3	2	2	3					0.9973156	0.9960363	0.9990417		
originals/DSC_3229_.NEF	converted_AdobeDNC/DSC_3229_AdobeDNC.dng	2	2	3	2	2	3					0.9974123	0.9962558	0.99897015		
originals/DSC_3245_.NEF	converted_AdobeDNC/DSC_3245_AdobeDNC.dng	3	2	3	2	2	3					0.9974406	0.99582356	0.9988229		
originals/DSC_3246_.NEF	converted_AdobeDNC/DSC_3246_AdobeDNC.dng	3	2	3	2	2	3					0.99807036	0.9965662	0.99860317		
originals/DSC_3247_.NEF	converted_AdobeDNC/DSC_3247_AdobeDNC.dng	2	2	3	2	2	3					0.99856263	0.99757046	0.99914336		
originals/DSC_3248_.NEF	converted_AdobeDNC/DSC_3248_AdobeDNC.dng	3	2	3	2	2	3					0.9986805	0.99742454	0.999305		
originals/DSC_3266_.NEF	converted_AdobeDNC/DSC_3266_AdobeDNC.dng	2	2	3	2	2	3					0.9992803	0.9984394	0.9994229		
originals/DSC_3267_.NEF	converted_AdobeDNC/DSC_3267_AdobeDNC.dng	3	2	3	2	2	3					0.9994125	0.9995102	0.9984631		
originals/DSC_3270_.NEF	converted_AdobeDNC/DSC_3270_AdobeDNC.dng	2	2	3	2	2	3					0.9958783	0.9956668	0.99854237		
originals/DSC_3271_.NEF	converted_AdobeDNC/DSC_3271_AdobeDNC.dng	2	2	3	2	2	3					0.9988817	0.9970592	0.99966776		
originals/DSC_3274_.NEF	converted_AdobeDNC/DSC_3274_AdobeDNC.dng	2	2	3	2	2	3					0.99745846	0.99759465	0.99909836		
originals/DSC_3275_.NEF	converted_AdobeDNC/DSC_3275_AdobeDNC.dng	2	2	3	2	2	3					0.9963158	0.9970829	0.99884444		
originals/DSC_3276_.NEF	converted_AdobeDNC/DSC_3276_AdobeDNC.dng	2	2	3	2	2	3					0.9979167	0.99770135	0.99854124		
originals/DSC_3278_.NEF	converted_AdobeDNC/DSC_3278_AdobeDNC.dng	2	2	3	2	2	3					0.9971478	0.9970536	0.9987768		
originals/DSC_3279_.NEF	converted_AdobeDNC/DSC_3279_AdobeDNC.dng	2	2	3	2	2	3					0.9988434	0.9980849	0.9990209		
originals/DSC_3280_.NEF	converted_AdobeDNC/DSC_3280_AdobeDNC.dng	2	2	3	2	2	3					0.99909246	0.99796396	0.998553		
originals/DSC_3281_.NEF	converted_AdobeDNC/DSC_3281_AdobeDNC.dng	2	2	3	2	2	3					0.9981395	0.9985694	0.9989348		
originals/DSC_3283_.NEF	converted_AdobeDNC/DSC_3283_AdobeDNC.dng	2	2	3	2	2	3					0.9990777	0.998992	0.99910367		
originals/DSC_3284_.NEF	converted_AdobeDNC/DSC_3284_AdobeDNC.dng	2	2	3	2	2	3					0.99883914	0.9989295	0.99864143		
originals/DSC_3285_.NEF	converted_AdobeDNC/DSC_3285_AdobeDNC.dng	2	2	3	2	2	3					0.99783236	0.99749047	0.99827176		
originals/DSC_3286_.NEF	converted_AdobeDNC/DSC_3286_AdobeDNC.dng	2	2	3	2	2	3					0.99836695	0.99749064	0.9992304		
originals/DSC_3287_.NEF	converted_AdobeDNC/DSC_3287_AdobeDNC.dng	2	2	3	2	2	3					0.9954835	0.9964485	0.99684286		
originals/DSC_3290_.NEF	converted_AdobeDNC/DSC_3290_AdobeDNC.dng	2	2	3	2	2	3					0.99895936	0.9988398	0.99875146		
originals/DSC_3291_.NEF	converted_AdobeDNC/DSC_3291_AdobeDNC.dng	2	2	3	2	2	3					0.99803853	0.99823856	0.9987502		
originals/DSC_3295_.NEF	converted_AdobeDNC/DSC_3295_AdobeDNC.dng	2	2	3	2	2	3					0.9992018	0.9988557	0.9994823		
originals/DSC_3296_.NEF	converted_AdobeDNC/DSC_3296_AdobeDNC.dng	2	2	3	2	2	3					0.99797994	0.99809754	0.9985185		
originals/DSC_3297_.NEF	converted_AdobeDNC/DSC_3297_AdobeDNC.dng	2	2	3	2	2	3					0.9985319	0.99769944	0.9990402		
originals/DSC_3298_.NEF	converted_AdobeDNC/DSC_3298_AdobeDNC.dng	2	2	3	2	2	3					0.9984343	0.99776626	0.999502		
originals/DSC_3299_.NEF	converted_AdobeDNC/DSC_3299_AdobeDNC.dng	2	2	3	2	2	3					0.9979263	0.99712825	0.99861693		
originals/DSC_3302_.NEF	converted_AdobeDNC/DSC_3302_AdobeDNC.dng	2	2	3	2	2	3					0.99824727	0.99781495	0.9986601		
originals/DSC_3310_.NEF	converted_AdobeDNC/DSC_3310_AdobeDNC.dng	3	2	3	2	2	3					0.99623436	0.9983712	0.99902236		
originals/DSC_3311_.NEF	converted_AdobeDNC/DSC_3311_AdobeDNC.dng	2	2	3	2	2	3					0.9983047	0.9980085	0.9989931		
originals/DSC_3312_.NEF	converted_AdobeDNC/DSC_3312_AdobeDNC.dng	2	2	3	2	2	3					0.9982811	0.9983999	0.9990635		
originals/DSC_4716_.NEF	converted_AdobeDNC/DSC_4716_AdobeDNC.dng	2	2	3	2	2	3					0.9995239	0.9990721	0.99985504		
originals/DSC_6633_.NEF	converted_AdobeDNC/DSC_6633_AdobeDNC.dng	2	2	3	2	2	3					0.9993397	0.9993964	0.9998385		
originals/DSC_6635_.NEF	converted_AdobeDNC/DSC_6635_AdobeDNC.dng	2	2	3	2	2	3					0.9980064	0.9983934	0.99973315		
originals/DSC_6652_.NEF	converted_AdobeDNC/DSC_6652_AdobeDNC.dng	2	2	3	2	2	3					0.99807924	0.9973413	0.999106		
originals/IMG_0075_.CR2	converted_AdobeDNC/IMG_0075_AdobeDNC.dng	2	2	3	2	2	3					0.70919013	0.19461028	0.53955066		
originals/IMG_0166_.CR2	converted_AdobeDNC/IMG_0166_AdobeDNC.dng	2	2	3	2	2	3					0.96285135	0.57142115	0.88568825		
originals/IMG_0175_.CR2	converted_AdobeDNC/IMG_0175_AdobeDNC.dng	2	2	2	2	2	3					0.7630976	0.3027988	0.84880376		
originals/IMG_0177_.CR2	converted_AdobeDNC/IMG_0177_AdobeDNC.dng	2	2	3	2	2	3					0.9512766	0.60026574	0.9298236		
originals/IMG_2399_.CR2	converted_AdobeDNC/IMG_2399_AdobeDNC.dng	2	2	3	2	2	3					0.7467156	0.38614997	0.8122906		
originals/IMG_2401_.CR2	converted_AdobeDNC/IMG_2401_AdobeDNC.dng	2	2	3	2	2	3					0.7253471	0.36903298	0.83964527		
originals/IMG_3711_.CR2	converted_AdobeDNC/IMG_3711_AdobeDNC.dng	2	2	3	2	2	3					0.6361599	0.101084284	0.21985129		
originals/IMG_3721_.CR2	converted_AdobeDNC/IMG_3721_AdobeDNC.dng	2	2	3	2	2	3					0.6921552	0.23823844	0.54979414		
originals/IMG_3722_.CR2	converted_AdobeDNC/IMG_3722_AdobeDNC.dng	2	2	3	2	2	3					0.6967388	0.25620407	0.58942735		
originals/IMG_3790_.CR2	converted_AdobeDNC/IMG_3790_AdobeDNC.dng	2	2	3	2	2	3					0.9153566	0.4669361	0.82638496		
originals/IMG_3823_.CR2	converted_AdobeDNC/IMG_3823_AdobeDNC.dng	2	2	3	2	2	3					0.97515047	0.84425	0.9250968		
originals/IMG_3826_.CR2	converted_AdobeDNC/IMG_3826_AdobeDNC.dng	2	2	3	2	2	3					0.9361097	0.40476376	0.7555613		
originals/IMG_4459_.CR2	converted_AdobeDNC/IMG_4459_AdobeDNC.dng	2	2	3	2	2	3					0.6427463	0.46081182	0.7312073		
originals/IMG_4487_.CR2	converted_AdobeDNC/IMG_4487_AdobeDNC.dng	2	2	3	2	2	3					0.6460301	0.52840894	0.6735884		
originals/IMG_4641_.CR2	converted_AdobeDNC/IMG_4641_AdobeDNC.dng	2	2	3	2	2	2					0.52396643	0.107818894	0.71505994		
originals/IMG_4837_.CR2	converted_AdobeDNC/IMG_4837_AdobeDNC.dng	2	2	3	2	2	3					0.8364507	0.5307469	0.7900582		
originals/IMG_4874_.CR2	converted_AdobeDNC/IMG_4874_AdobeDNC.dng	2	2	3	2	2	3					0.82020473	0.4714065	0.8395051		
originals/IMG_5029_.CR2	converted_AdobeDNC/IMG_5029_AdobeDNC.dng	2	2	3	2	2	3					0.6240743	0.23639722	0.8158878		
originals/IMG_7373_.CR2	converted_AdobeDNC/IMG_7373_AdobeDNC.dng	2	2	3	2	2	3					0.9097834	0.71922493	0.89112115		
